elapsed_s	rss_gb	swap_gb
0	0.00	10.27
5	1.96	10.27
10	2.77	10.26
15	2.89	10.26
21	3.88	10.26
26	6.23	10.26
31	6.25	10.26
36	6.43	10.26
41	6.37	10.26
46	6.50	10.26
51	6.44	10.26
56	6.57	10.26
61	6.51	10.26
67	6.41	10.26
72	6.39	10.25
77	6.43	10.24
82	6.47	10.24
87	6.51	10.24
92	6.38	10.24
97	6.50	10.24
103	6.51	10.24
108	6.60	10.24
113	6.39	10.24
118	6.49	10.24
123	6.58	10.24
128	6.64	10.24
133	6.46	10.24
139	6.38	10.24
144	6.35	10.24
149	5.87	10.24
154	5.96	10.24
159	5.95	10.24
164	5.98	10.24
169	5.85	10.24
174	5.24	10.23
180	4.15	10.21
185	4.18	10.21
190	4.24	10.21
195	4.40	10.21
200	4.39	10.21
205	4.17	10.21
211	4.24	10.21
216	4.13	10.21
221	4.13	10.21
226	4.15	10.21
231	4.15	10.21
236	4.26	10.21
241	4.27	10.21
247	4.25	10.21
252	4.29	10.21
257	4.15	10.21
262	4.27	10.21
267	4.14	10.21
272	3.99	10.21
277	4.07	10.21
283	3.83	10.21
288	3.91	10.21
293	4.00	10.21
298	3.95	10.21
303	3.92	10.21
308	3.84	10.21
314	3.86	10.21
319	3.92	10.21
324	3.86	10.21
329	3.92	10.21
334	4.07	10.21
339	3.99	10.21
344	3.83	10.21
350	3.91	10.21
355	4.05	10.21
360	4.26	10.21
365	7.95	10.21
370	7.89	10.21
375	7.85	10.21
380	7.91	10.21
385	8.00	10.21
391	8.09	10.21
396	7.91	10.21
401	7.84	10.21
406	7.95	10.21
411	7.98	10.21
416	7.82	10.21
421	7.87	10.21
426	7.99	10.21
431	8.13	10.21
437	7.87	10.21
442	7.93	10.21
447	8.07	10.21
452	5.32	10.21
457	5.18	10.21
462	5.13	10.21
467	5.13	10.21
472	5.24	10.21
477	5.12	10.21
483	5.22	10.21
488	5.31	10.21
493	5.17	10.21
498	5.15	10.21
503	5.27	10.21
508	5.26	10.21
513	5.23	10.21
518	5.19	10.21
523	5.20	10.21
529	5.30	10.21
534	5.26	10.21
539	5.24	10.21
544	5.34	10.21
549	5.16	10.21
554	5.26	10.21
559	5.08	10.21
564	5.13	10.21
569	5.25	10.21
575	5.11	10.21
580	5.22	10.21
585	5.18	10.21
590	5.24	10.21
595	5.19	10.21
600	5.15	10.21
605	5.25	10.21
610	5.24	10.21
615	5.13	10.21
621	5.22	10.20
626	5.22	10.20
631	5.19	10.20
636	5.09	10.20
641	5.20	10.20
646	5.19	10.20
651	5.14	10.20
656	5.23	10.20
661	5.19	10.20
667	5.19	10.20
672	5.08	10.20
677	5.19	10.20
682	5.16	10.20
687	5.24	10.20
692	5.09	10.20
697	5.12	10.20
703	5.10	10.20
708	5.21	10.20
713	5.20	10.20
718	5.03	10.20
723	5.14	10.20
728	5.13	10.20
733	5.24	10.20
738	5.06	10.20
743	5.15	10.20
749	5.29	10.20
754	5.19	10.20
759	5.16	10.20
764	5.25	10.20
769	5.24	10.20
774	5.11	10.20
779	5.19	10.20
784	5.06	10.20
790	5.13	10.20
795	5.10	10.20
800	5.11	10.20
805	5.18	10.20
810	5.12	10.20
815	5.03	10.20
820	5.08	10.20
825	5.02	10.20
830	4.93	10.20
836	4.73	10.20
841	4.86	10.20
846	4.87	10.20
851	4.71	10.20
856	4.65	10.20
861	4.71	10.20
866	4.68	10.20
871	4.78	10.20
876	4.74	10.20
882	4.70	10.20
887	4.78	10.20
892	4.76	10.20
897	4.74	10.20
902	4.73	10.20
907	4.64	10.20
912	4.72	10.20
917	4.81	10.20
922	4.87	10.20
928	4.68	10.20
933	4.78	10.20
938	4.86	10.20
943	4.63	10.20
948	4.51	10.20
953	4.47	10.19
958	4.42	10.19
963	4.51	10.19
969	3.50	10.19
974	3.61	10.19
979	3.35	10.19
984	3.42	10.19
989	3.52	10.19
994	3.36	10.19
999	3.44	10.19
1004	3.53	10.19
1009	3.53	10.19
1015	3.51	10.19
1020	3.48	10.19
1025	3.34	10.19
1030	3.33	10.19
1035	3.45	10.19
1040	3.46	10.19
1045	3.41	10.19
1050	3.40	10.19
1055	3.50	10.19
1061	3.61	10.19
1066	3.50	10.19
1071	3.47	10.19
1076	3.45	10.19
1081	3.56	10.19
1086	3.42	10.19
1091	3.28	10.19
1096	3.38	10.19
1101	3.49	10.19
1107	3.35	10.19
1112	3.33	10.19
1117	3.45	10.19
1122	3.40	10.19
1127	3.47	10.19
1132	3.31	10.19
1137	3.31	10.19
1142	3.42	10.19
1147	3.27	10.19
1153	3.35	10.19
1158	3.34	10.19
1163	3.32	10.19
1168	3.29	10.19
1173	3.37	10.19
1178	3.33	10.19
1183	3.29	10.19
1188	3.33	10.19
1193	3.39	10.19
1199	3.33	10.19
1204	3.41	10.19
1209	3.53	10.19
1214	3.55	10.19
1219	3.29	10.19
1224	3.36	10.19
1229	3.36	10.19
1234	3.31	10.19
1239	3.38	10.19
1245	3.36	10.19
1250	3.46	10.19
1255	3.50	10.19
1260	3.26	10.19
1265	3.34	10.19
1270	3.50	10.19
1275	3.48	10.19
1280	3.31	10.19
1285	3.40	10.19
1291	3.38	10.19
1296	3.39	10.19
1301	3.49	10.19
1306	3.34	10.19
1311	3.43	10.19
1316	3.42	10.19
1321	3.35	10.18
1326	3.28	10.18
1331	3.37	10.18
1336	3.36	10.18
1342	3.31	10.18
1347	3.29	10.18
1352	3.38	10.18
1357	3.33	10.18
1362	3.29	10.18
1367	3.41	10.18
1372	3.54	10.18
1377	3.39	10.18
1382	3.37	10.18
1388	3.47	10.18
1393	3.47	10.18
1398	3.42	10.18
1403	3.27	10.18
1408	3.37	10.18
1413	3.38	10.18
1418	3.36	10.18
1423	3.35	10.18
1429	3.46	10.18
1434	3.42	10.18
1439	3.40	10.18
1444	3.41	10.18
1449	3.34	10.18
1454	3.45	10.18
1459	3.59	10.18
1464	3.35	10.18
1469	3.28	10.18
1475	3.38	10.18
1480	3.40	10.18
1485	3.39	10.18
1490	3.34	10.18
1495	3.34	10.18
1500	3.49	10.18
1505	3.35	10.18
1510	3.27	10.18
1515	3.37	10.18
1520	3.37	10.18
1526	3.33	10.18
1531	3.32	10.18
1536	3.38	10.18
1541	3.34	10.18
1546	3.36	10.18
1551	3.34	10.18
1556	3.43	10.18
1561	3.40	10.18
1566	3.39	10.18
1572	3.50	10.18
1577	3.48	10.18
1582	3.46	10.18
1587	3.56	10.18
1592	3.52	10.18
1597	3.59	10.18
1602	3.47	10.18
1607	3.46	10.18
1612	3.52	10.18
1618	3.27	10.18
1623	3.38	10.18
1628	3.37	10.18
1633	3.47	10.18
1638	3.34	10.18
1643	3.29	10.18
1648	3.29	10.18
1653	3.38	10.18
1658	3.34	10.18
1664	3.32	10.18
1669	3.42	10.18
1674	3.26	10.18
1679	3.29	10.18
1684	3.41	10.18
1689	3.26	10.18
1694	3.29	10.18
1699	3.35	10.18
1704	3.34	10.18
1710	3.44	10.18
1715	3.44	10.18
1720	3.40	10.18
1725	3.32	10.18
1730	3.40	10.18
1735	3.41	10.18
1740	3.50	10.18
1745	3.48	10.18
1751	3.45	10.18
1756	3.42	10.18
1761	3.37	10.18
1766	3.38	10.18
1771	3.35	10.18
1776	3.41	10.18
1781	3.36	10.18
1786	3.44	10.18
1791	3.53	10.18
1797	3.36	10.18
1802	3.31	10.18
1807	3.40	10.18
1812	3.25	10.18
1817	3.34	10.18
1822	3.33	10.18
1827	3.33	10.18
1832	3.27	10.18
1837	3.38	10.18
1843	3.37	10.18
1848	3.45	10.18
1853	3.42	10.18
1858	3.42	10.18
1863	3.37	10.18
1868	3.31	10.18
1873	3.40	10.18
1878	3.51	10.18
1883	3.39	10.18
1889	3.36	10.18
1894	3.50	10.18
1899	3.49	10.18
1904	3.33	10.18
1909	3.27	10.18
1914	3.39	10.18
1919	3.49	10.18
1924	3.35	10.18
1929	3.29	10.18
1935	3.27	10.18
1940	3.35	10.18
1945	3.33	10.17
1950	3.44	10.17
1955	3.30	10.17
1960	3.40	10.17
1965	3.51	10.17
1970	3.36	10.17
1975	3.33	10.17
1981	3.44	10.17
1986	3.45	10.17
1991	3.44	10.17
1996	3.28	10.17
2001	3.37	10.17
2006	3.38	10.17
2011	3.37	10.17
2016	3.32	10.17
2021	3.31	10.17
2027	3.42	10.17
2032	3.28	10.17
2037	3.33	10.17
2042	3.41	10.17
2047	3.41	10.17
2052	3.32	10.17
2057	3.39	10.17
2062	3.52	10.17
2067	3.64	10.17
2073	3.35	10.17
2078	3.29	10.17
2083	3.41	10.17
2088	3.52	10.17
2093	3.36	10.17
2098	3.31	10.17
2103	3.44	10.17
2108	3.32	10.17
2113	3.29	10.17
2119	3.43	10.17
2124	3.32	10.17
2129	3.39	10.17
2134	3.48	10.17
2139	3.60	10.17
2144	3.32	10.17
2149	3.31	10.17
2154	3.41	10.17
2159	3.50	10.17
2165	3.37	10.17
2170	3.42	10.17
2175	3.40	10.17
2180	3.39	10.17
2185	3.40	10.17
2190	3.50	10.17
2195	3.35	10.17
2200	3.47	10.17
2205	3.45	10.17
2211	3.45	10.17
2216	3.32	10.17
2221	3.43	10.17
2226	3.43	10.17
2231	3.26	10.17
2236	3.35	10.17
2241	3.48	10.17
2246	3.49	10.17
2251	3.32	10.17
2257	3.42	10.17
2262	3.40	10.17
2267	3.36	10.17
2272	3.46	10.17
2277	3.43	10.17
2282	3.37	10.17
2287	3.48	10.17
2292	3.47	10.17
2297	3.45	10.17
2303	3.29	10.17
2308	3.40	10.17
2313	3.56	10.17
2318	3.28	10.17
2323	3.35	10.17
2328	3.48	10.17
2333	3.48	10.17
2338	3.41	10.17
2343	3.39	10.17
2349	3.52	10.17
2354	3.37	10.17
2359	3.46	10.17
2364	3.57	10.17
2369	3.58	10.17
2374	3.33	10.17
2379	3.31	10.17
2384	3.44	10.17
2389	3.34	10.17
2395	3.29	10.17
2400	3.38	10.17
2405	3.42	10.17
2410	3.38	10.17
2415	3.26	10.17
2420	3.37	10.17
2425	3.34	10.17
2430	3.31	10.17
2435	3.26	10.17
2441	3.35	10.17
2446	3.38	10.17
2451	3.37	10.17
2456	3.31	10.17
2461	3.41	10.17
2466	3.39	10.17
2471	3.38	10.17
2476	3.47	10.17
2481	3.31	10.17
2487	3.35	10.17
2492	3.32	10.17
2497	3.43	10.17
2502	3.27	10.17
2507	3.39	10.17
2512	3.35	10.17
2517	3.35	10.17
2522	3.33	10.17
2527	3.32	10.17
2533	3.45	10.17
2538	3.32	10.17
2543	3.31	10.17
2548	3.40	10.17
2553	3.38	10.17
2558	3.47	10.17
2563	3.43	10.17
2568	3.38	10.17
2573	3.32	10.17
2579	3.30	10.17
2584	3.29	10.17
2589	3.38	10.17
2594	3.24	10.17
2599	3.35	10.17
2604	3.44	10.17
2609	3.41	10.17
2614	3.36	10.17
2619	3.33	10.17
2625	3.30	10.17
2630	3.28	10.17
2635	3.27	10.17
2640	3.24	10.17
2645	3.34	10.17
2650	3.46	10.17
2655	3.33	10.17
2660	3.30	10.17
2665	3.44	10.17
2671	3.54	10.17
2676	3.27	10.17
2681	3.40	10.17
2686	3.53	10.17
2691	3.25	10.17
2696	3.32	10.17
2701	3.45	10.17
2706	3.44	10.17
2711	3.28	10.17
2717	3.34	10.17
2722	3.44	10.17
2727	3.34	10.17
2732	3.33	10.17
2737	3.31	10.17
2742	3.31	10.17
2747	3.43	10.17
2752	3.40	10.17
2757	3.25	10.17
2763	3.33	10.17
2768	3.29	10.17
2773	3.26	10.17
2778	3.34	10.17
2783	3.46	10.17
2788	3.44	10.17
2793	3.40	10.17
2798	3.37	10.17
2803	3.35	10.17
2809	3.33	10.17
2814	3.32	10.17
2819	3.43	10.17
2824	3.30	10.17
2829	3.26	10.17
2834	3.40	10.17
2839	3.39	10.17
2844	3.24	10.17
2849	3.35	10.17
2855	3.36	10.17
2860	3.23	10.17
2865	3.31	10.17
2870	3.43	10.17
2875	3.44	10.17
2880	3.27	10.17
2885	3.36	10.17
2890	3.33	10.17
2896	3.33	10.17
2901	3.45	10.17
2906	3.27	10.17
2911	3.33	10.17
2916	3.44	10.17
2921	3.47	10.17
2926	3.42	10.17
2931	3.26	10.17
2936	3.40	10.17
2941	3.28	10.17
2947	3.24	10.17
2952	3.36	10.17
2957	3.37	10.17
2962	3.27	10.17
2967	3.36	10.17
2972	3.33	10.17
2977	3.30	10.17
2982	3.27	10.17
2988	3.40	10.17
2993	3.40	10.17
2998	3.24	10.17
3003	3.23	10.17
3008	3.31	10.17
3013	3.44	10.17
3018	3.43	10.17
3023	3.26	10.17
3028	3.33	10.17
3034	3.30	10.17
3039	3.39	10.17
3044	3.42	10.17
3049	3.43	10.17
3054	3.26	10.17
3059	3.37	10.17
3064	3.46	10.17
3069	3.44	10.17
3074	3.25	10.17
3080	3.30	10.17
3085	3.38	10.17
3090	3.35	10.17
3095	3.40	10.17
3100	3.37	10.17
3105	3.36	10.17
3110	3.23	10.17
3115	3.34	10.17
3120	3.33	10.17
3125	3.34	10.17
3131	3.31	10.17
3136	3.26	10.17
3141	3.36	10.17
3146	3.32	10.17
3151	3.30	10.17
3156	3.39	10.17
3161	3.37	10.17
3166	3.47	10.17
3171	3.31	10.17
3177	3.43	10.17
3182	3.42	10.17
3187	3.52	10.17
3192	3.36	10.17
3197	3.45	10.17
3202	3.27	10.17
3207	3.41	10.17
3212	3.24	10.17
3217	3.33	10.17
3223	3.27	10.17
3228	3.21	10.17
3233	3.28	10.17
3238	3.30	10.17
3243	3.40	10.17
3248	3.26	10.17
3253	3.37	10.17
3258	3.34	10.17
3263	3.32	10.17
3269	3.29	10.17
3274	3.26	10.17
3279	3.36	10.17
3284	3.35	10.17
3289	3.43	10.17
3294	3.28	10.17
3299	3.40	10.17
3304	3.39	10.17
3309	3.48	10.17
3315	3.29	10.17
3320	3.35	10.17
3325	3.48	10.17
3330	3.62	10.17
3335	3.25	10.17
3340	3.33	10.17
3345	3.46	10.17
3350	3.46	10.17
3355	3.39	10.17
3361	3.32	10.17
3366	3.41	10.17
3371	3.37	10.17
3376	3.35	10.17
3381	3.42	10.17
3386	3.35	10.17
3391	3.44	10.17
3396	3.46	10.17
3401	3.31	10.17
3407	3.23	10.17
3412	3.33	10.17
3417	3.35	10.17
3422	3.31	10.17
3427	3.27	10.17
3432	3.27	10.17
3437	3.38	10.17
3442	3.35	10.17
3447	3.33	10.17
3453	3.31	10.17
3458	3.32	10.17
3463	3.30	10.17
3468	3.40	10.17
3473	3.36	10.17
3478	3.28	10.17
3483	3.41	10.17
3488	3.42	10.17
3493	3.40	10.17
3499	3.32	10.17
3504	3.39	10.17
3509	3.34	10.17
3514	3.39	10.17
3519	3.51	10.17
3524	3.42	10.17
3529	3.24	10.17
3534	3.32	10.17
3539	3.41	10.17
3544	3.26	10.17
3550	3.36	10.17
3555	3.25	10.17
3560	3.33	10.17
3565	3.31	10.17
3570	3.44	10.17
3575	3.32	10.17
3580	3.26	10.17
3585	3.34	10.17
3590	3.51	10.17
3596	3.39	10.17
3601	3.30	10.17
3606	3.42	10.17
3611	3.55	10.17
3616	3.41	10.17
3621	3.29	10.17
3626	3.40	10.17
3631	3.48	10.17
3636	3.32	10.17
3642	3.45	10.17
3647	3.56	10.17
3652	3.30	10.17
3657	3.35	10.17
3662	3.43	10.17
3667	3.27	10.17
3672	3.23	10.17
3677	3.34	10.17
3682	3.34	10.17
3688	3.42	10.17
3693	3.35	10.17
3698	3.32	10.17
3703	3.33	10.17
3708	3.44	10.17
3713	3.32	10.17
3718	3.25	10.17
3723	3.35	10.17
3728	3.49	10.17
3734	3.22	10.17
3739	3.31	10.17
3744	3.32	10.17
3749	3.29	10.17
3754	3.27	10.17
3759	3.37	10.17
3764	3.35	10.17
3769	3.28	10.17
3774	3.38	10.17
3779	3.38	10.17
3785	3.26	10.17
3790	3.33	10.17
3795	3.45	10.17
3800	3.48	10.17
3805	3.31	10.17
3810	3.37	10.17
3815	3.50	10.17
3820	3.48	10.17
3825	3.45	10.17
3831	3.38	10.17
3836	3.33	10.17
3841	3.44	10.17
3846	3.54	10.17
3851	3.53	10.17
3856	3.41	10.17
3861	3.49	10.17
3866	3.46	10.17
3871	3.32	10.17
3877	3.29	10.17
3882	3.41	10.17
3887	3.28	10.17
3892	3.33	10.17
3897	3.41	10.17
3902	3.31	10.17
3907	3.31	10.17
3912	3.37	10.17
3917	3.26	10.17
3923	3.38	10.17
3928	3.22	10.17
3933	3.29	10.17
3938	3.27	10.17
3943	3.24	10.17
3948	3.35	10.17
3953	3.35	10.17
3958	3.35	10.17
3963	3.29	10.17
3969	3.25	10.17
3974	3.35	10.17
3979	3.28	10.17
3984	3.35	10.17
3989	3.31	10.17
3994	3.27	10.17
3999	3.33	10.17
4004	3.32	10.17
4009	3.42	10.17
4015	3.40	10.17
4020	3.39	10.17
4025	3.32	10.17
4030	3.25	10.17
4035	3.34	10.17
4040	3.48	10.17
4045	3.45	10.17
4050	3.28	10.17
4055	3.42	10.17
4061	3.41	10.17
4066	3.37	10.17
4071	3.36	10.17
4076	3.37	10.17
4081	3.33	10.17
4086	3.29	10.17
4091	3.38	10.17
4096	3.38	10.17
4101	3.47	10.17
4106	3.32	10.17
4112	3.26	10.17
4117	3.38	10.17
4122	3.39	10.17
4127	3.24	10.17
4132	3.32	10.17
4137	3.32	10.17
4142	3.30	10.17
4147	3.43	10.17
4152	3.32	10.17
4158	3.30	10.17
4163	3.41	10.17
4168	3.36	10.17
4173	3.30	10.17
4178	3.40	10.17
4183	3.36	10.17
4188	3.46	10.17
4193	3.30	10.17
4199	3.38	10.17
4204	3.37	10.17
4209	3.33	10.17
4214	3.25	10.17
4219	3.34	10.17
4224	3.30	10.17
4229	3.29	10.17
4234	3.42	10.17
4239	3.41	10.17
4244	3.39	10.17
4250	3.33	10.17
4255	3.43	10.17
4260	3.55	10.17
4265	3.55	10.17
4270	3.39	10.17
4275	3.39	10.17
4280	3.51	10.17
4285	3.39	10.17
4290	3.33	10.17
4296	3.43	10.17
4301	3.42	10.17
4306	3.41	10.17
4311	3.23	10.17
4316	3.33	10.17
4321	3.44	10.17
4326	3.30	10.17
4331	3.23	10.17
4336	3.34	10.17
4342	3.46	10.17
4347	3.30	10.17
4352	3.23	10.17
4357	3.32	10.17
4362	3.43	10.17
4367	3.27	10.17
4372	3.25	10.17
4377	3.35	10.17
4382	3.33	10.17
4388	3.29	10.17
4393	3.36	10.17
4398	3.32	10.17
4403	3.44	10.17
4408	3.42	10.17
4413	3.27	10.17
4418	3.35	10.17
4423	3.34	10.17
4428	3.34	10.17
4434	3.44	10.17
4439	3.41	10.17
4444	3.35	10.17
4449	3.38	10.17
4454	3.47	10.17
4459	3.33	10.17
4464	3.27	10.17
4469	3.38	10.17
4474	3.26	10.17
4480	3.34	10.17
4485	3.27	10.17
4490	3.37	10.17
4495	3.45	10.17
4500	3.30	10.17
4505	3.30	10.17
4510	3.40	10.17
4515	3.51	10.17
4520	3.37	10.17
4526	3.43	10.17
4531	3.52	10.17
4536	3.35	10.17
4541	3.30	10.17
4546	3.39	10.17
4551	3.37	10.17
4556	3.20	10.17
4561	3.24	10.17
4566	3.35	10.17
4572	3.42	10.17
4577	3.24	10.17
4582	3.35	10.17
4587	3.32	10.17
4592	3.27	10.17
4597	3.25	10.17
4602	3.33	10.17
4607	3.28	10.17
4612	3.37	10.17
4617	3.34	10.17
4623	3.28	10.17
4628	3.37	10.17
4633	3.44	10.17
4638	3.29	10.17
4643	3.37	10.17
4648	3.34	10.17
4653	3.31	10.17
4658	3.28	10.17
4663	3.36	10.17
4669	3.32	10.17
4674	3.40	10.17
4679	3.50	10.17
4684	3.32	10.17
4689	3.39	10.17
4694	3.49	10.17
4699	3.44	10.17
4704	3.28	10.17
4709	3.38	10.17
4715	3.35	10.17
4720	3.30	10.17
4725	3.29	10.17
4730	3.36	10.17
4735	3.30	10.17
4740	3.39	10.17
4745	3.35	10.17
4750	3.33	10.17
4755	3.40	10.17
4761	3.41	10.17
4766	3.38	10.17
4771	3.46	10.17
4776	3.33	10.17
4781	3.30	10.17
4786	3.35	10.17
4791	3.29	10.17
4796	3.39	10.17
4801	3.36	10.17
4806	3.35	10.17
4812	3.47	10.17
4817	3.35	10.17
4822	3.30	10.17
4827	3.37	10.17
4832	3.48	10.17
4837	3.47	10.17
4842	3.32	10.17
4847	3.37	10.17
4852	3.46	10.17
4858	3.46	10.17
4863	3.54	10.17
4868	3.25	10.17
4873	3.34	10.17
4878	3.33	10.17
4883	3.44	10.17
4888	3.28	10.17
4893	3.25	10.17
4898	3.36	10.17
4904	3.49	10.17
4909	3.35	10.17
4914	3.34	10.17
4919	3.46	10.17
4924	3.42	10.17
4929	3.26	10.17
4934	3.30	10.17
4939	3.25	10.17
4944	3.33	10.17
4950	3.45	10.17
4955	3.33	10.17
4960	3.29	10.17
4965	3.34	10.17
4970	3.43	10.17
4975	3.39	10.17
4980	3.32	10.17
4985	3.30	10.17
4990	3.43	10.17
4996	3.29	10.17
5001	3.24	10.17
5006	3.33	10.17
5011	3.32	10.17
5016	3.34	10.17
5021	3.29	10.17
5026	3.42	10.17
5031	3.29	10.17
5036	3.38	10.17
5042	3.30	10.17
5047	3.37	10.17
5052	3.32	10.17
5057	3.41	10.17
5062	3.51	10.17
5067	3.34	10.17
5072	3.33	10.17
5077	3.45	10.17
5082	3.42	10.17
5088	3.39	10.17
5093	3.47	10.17
5098	3.43	10.17
5103	3.35	10.17
5108	3.29	10.17
5113	3.41	10.17
5118	3.40	10.17
5123	3.28	10.17
5128	3.34	10.17
5133	3.44	10.17
5139	3.39	10.17
5144	3.32	10.17
5149	3.37	10.17
5154	3.36	10.17
5159	3.22	10.17
5164	3.27	10.17
5169	3.23	10.17
5174	3.29	10.17
5179	3.28	10.17
5185	3.24	10.17
5190	3.30	10.17
5195	3.41	10.17
5200	3.27	10.17
5205	3.30	10.17
5210	3.42	10.17
5215	3.44	10.17
5220	3.43	10.17
5225	3.36	10.17
5231	3.43	10.17
5236	3.55	10.17
5241	3.53	10.17
5246	3.52	10.17
5251	3.44	10.17
5256	3.41	10.17
5261	3.40	10.17
5266	3.25	10.17
5271	3.29	10.17
5277	3.40	10.17
5282	3.40	10.17
5287	3.35	10.17
5292	3.32	10.17
5297	3.37	10.17
5302	3.33	10.17
5307	3.26	10.17
5312	3.36	10.17
5317	3.34	10.17
5323	3.30	10.17
5328	3.28	10.17
5333	3.36	10.17
5338	3.33	10.17
5343	3.31	10.17
5348	3.45	10.17
5353	3.33	10.17
5358	3.32	10.17
5363	3.40	10.17
5369	3.34	10.17
5374	3.41	10.17
5379	3.51	10.17
5384	3.49	10.17
5389	3.45	10.17
5394	3.55	10.17
5399	3.53	10.17
5404	3.41	10.17
5409	3.39	10.17
5415	3.36	10.17
5420	3.24	10.17
5425	3.34	10.17
5430	3.31	10.17
5435	3.36	10.17
5440	3.38	10.17
5445	3.35	10.17
5450	3.32	10.17
5455	3.29	10.17
5460	3.42	10.17
5466	3.30	10.17
5471	3.39	10.17
5476	3.39	10.17
5481	3.37	10.17
5486	3.35	10.17
5491	3.30	10.17
5496	3.41	10.17
5501	3.36	10.17
5506	3.32	10.17
5512	3.35	10.17
5517	3.45	10.17
5522	3.32	10.17
5527	3.24	10.17
5532	3.32	10.17
5537	3.32	10.17
5542	3.34	10.17
5547	3.31	10.17
5552	3.40	10.17
5558	3.42	10.17
5563	3.28	10.17
5568	3.36	10.17
5573	3.35	10.17
5578	3.31	10.17
5583	3.40	10.17
5588	3.38	10.17
5593	3.47	10.17
5598	3.32	10.17
5604	3.43	10.17
5609	3.41	10.17
5614	3.51	10.17
5619	3.49	10.17
5624	3.30	10.17
5629	3.41	10.17
5634	3.31	10.17
5639	3.37	10.17
5644	3.49	10.17
5650	3.33	10.17
5655	3.27	10.17
5660	3.40	10.17
5665	3.41	10.17
5670	3.22	10.17
5675	3.29	10.17
5680	3.42	10.17
5685	3.51	10.17
5691	3.23	10.17
5696	3.34	10.17
5701	3.23	10.17
5706	3.30	10.17
5711	3.31	10.17
5716	3.31	10.17
5721	3.27	10.17
5726	3.28	10.17
5731	3.39	10.17
5737	3.36	10.17
5742	3.31	10.17
5747	3.38	10.17
5752	3.38	10.17
5757	3.35	10.17
5762	3.43	10.17
5767	3.43	10.17
5772	3.52	10.17
5777	3.37	10.17
5783	3.43	10.17
5788	3.39	10.17
5793	3.37	10.17
5798	3.34	10.17
5803	3.45	10.17
5808	3.43	10.17
5813	3.24	10.17
5818	3.35	10.17
5823	3.46	10.17
5829	3.41	10.17
5834	3.26	10.17
5839	3.27	10.17
5844	3.36	10.17
5849	3.34	10.17
5854	3.31	10.17
5859	3.45	10.17
5864	3.43	10.17
5869	3.26	10.17
5875	3.35	10.17
5880	3.48	10.17
5885	3.32	10.17
5890	3.40	10.17
5895	3.40	10.17
5900	3.32	10.17
5905	3.39	10.17
5910	3.37	10.17
5915	3.48	10.17
5921	3.46	10.17
5926	3.43	10.17
5931	3.43	10.17
5936	3.52	10.17
5941	3.52	10.17
5946	3.36	10.17
5951	3.35	10.17
5956	3.35	10.17
5961	3.21	10.17
5966	3.26	10.17
5972	3.39	10.17
5977	3.27	10.17
5982	3.34	10.17
5987	3.31	10.17
5992	3.30	10.17
5997	3.41	10.17
6002	3.27	10.17
6007	3.40	10.17
6013	3.41	10.17
6018	3.25	10.17
6023	3.35	10.17
6028	3.38	10.17
6033	3.35	10.17
6038	3.32	10.17
6043	3.30	10.17
6048	3.40	10.17
6053	3.41	10.17
6059	3.52	10.17
6064	3.36	10.17
6069	3.45	10.17
6074	3.57	10.17
6079	3.45	10.17
6084	3.33	10.17
6089	3.46	10.17
6094	3.46	10.17
6099	3.42	10.17
6104	3.34	10.17
6110	3.34	10.17
6115	3.35	10.17
6120	3.22	10.17
6125	3.32	10.17
6130	3.41	10.17
6135	3.31	10.17
6140	3.29	10.17
6145	3.41	10.17
6150	3.31	10.17
6156	3.27	10.17
6161	3.39	10.17
6166	3.53	10.17
6171	3.25	10.17
6176	3.35	10.17
6181	3.48	10.17
6186	3.47	10.17
6191	3.31	10.17
6196	3.43	10.17
6202	3.30	10.17
6207	3.38	10.17
6212	3.39	10.17
6217	3.38	10.17
6222	3.33	10.17
6227	3.30	10.17
6232	3.42	10.17
6237	3.27	10.17
6242	3.36	10.17
6248	3.38	10.17
6253	3.34	10.17
6258	3.32	10.17
6263	3.43	10.17
6268	3.41	10.17
6273	3.40	10.17
6278	3.37	10.17
6283	3.49	10.17
6288	3.37	10.17
6294	3.43	10.17
6299	3.40	10.17
6304	3.52	10.17
6309	3.34	10.17
6314	3.42	10.17
6319	3.55	10.17
6324	3.38	10.17
6329	3.33	10.17
6334	3.47	10.17
6340	3.46	10.17
6345	3.42	10.17
6350	3.37	10.17
6355	3.46	10.17
6360	3.42	10.17
6365	3.34	10.17
6370	3.38	10.17
6375	3.25	10.17
6380	3.35	10.17
6386	3.34	10.17
6391	3.28	10.17
6396	3.23	10.17
6401	3.31	10.17
6406	3.42	10.17
6411	3.38	10.17
6416	3.24	10.17
6421	3.34	10.17
6426	3.45	10.17
6432	3.53	10.17
6437	3.24	10.17
6442	3.33	10.17
6447	3.47	10.17
6452	3.24	10.17
6457	3.33	10.17
6462	3.46	10.17
6467	3.36	10.17
6472	3.28	10.17
6478	3.39	10.17
6483	3.52	10.17
6488	3.40	10.17
6493	3.34	10.17
6498	3.44	10.17
6503	3.44	10.17
6508	3.38	10.17
6513	3.42	10.17
6518	3.28	10.17
6524	3.38	10.17
6529	3.49	10.17
6534	3.36	10.17
6539	3.44	10.17
6544	3.43	10.17
6549	3.53	10.17
6554	3.39	10.17
6559	3.48	10.17
6564	3.35	10.17
6569	3.35	10.17
6575	3.42	10.17
6580	3.32	10.17
6585	3.27	10.17
6590	3.24	10.17
6595	3.34	10.17
6600	3.36	10.17
6605	3.35	10.17
6610	3.30	10.17
6615	3.41	10.17
6621	3.40	10.17
6626	3.38	10.17
6631	3.34	10.17
6636	3.44	10.17
6641	3.45	10.17
6646	3.30	10.17
6651	3.34	10.17
6656	3.41	10.17
6661	3.57	10.17
6667	3.40	10.17
6672	3.47	10.17
6677	3.31	10.17
6682	3.44	10.17
6687	3.34	10.17
6692	3.31	10.17
6697	3.41	10.17
6702	3.42	10.17
6707	3.40	10.17
6713	3.34	10.17
6718	3.38	10.17
6723	3.22	10.17
6728	3.29	10.17
6733	3.40	10.17
6738	3.43	10.17
6743	3.27	10.17
6748	3.36	10.17
6753	3.34	10.17
6759	3.32	10.17
6764	3.43	10.17
6769	3.31	10.17
6774	3.38	10.17
6779	3.36	10.17
6784	3.33	10.17
6789	3.41	10.17
6794	3.28	10.17
6799	3.39	10.17
6805	3.26	10.17
6810	3.36	10.17
6815	3.37	10.17
6820	3.37	10.17
6825	3.44	10.17
6830	3.38	10.17
6835	3.36	10.17
6840	3.36	10.17
6845	3.44	10.17
6851	3.41	10.17
6856	3.41	10.17
6861	3.37	10.17
6866	3.47	10.17
6871	3.55	10.17
6876	3.50	10.17
6881	3.34	10.17
6886	3.42	10.17
6891	3.44	10.17
6897	3.29	10.17
6902	3.37	10.17
6907	3.38	10.17
6912	3.33	10.17
6917	3.32	10.17
6922	3.43	10.17
6927	3.43	10.17
6932	3.29	10.17
6937	3.40	10.17
6942	3.40	10.17
6948	3.28	10.17
6953	3.40	10.17
6958	3.41	10.17
6963	3.39	10.17
6968	3.38	10.17
6973	3.50	10.17
6978	3.48	10.17
6983	3.36	10.17
6988	3.47	10.17
6994	3.59	10.17
6999	3.44	10.17
7004	3.41	10.17
7009	3.52	10.17
7014	3.51	10.17
7019	3.23	10.17
7024	3.31	10.17
7029	3.44	10.17
7035	3.42	10.17
7040	3.24	10.17
7045	3.31	10.17
7050	3.43	10.17
7055	3.30	10.17
7060	3.38	10.17
7065	3.38	10.17
7070	3.35	10.17
7075	3.43	10.17
7081	3.44	10.17
7086	3.33	10.17
7091	3.27	10.17
7096	3.39	10.17
7101	3.51	10.17
7106	3.36	10.17
7111	3.34	10.17
7116	3.30	10.17
7121	3.37	10.17
7127	3.32	10.17
7132	3.45	10.17
7137	3.46	10.17
7142	3.34	10.17
7147	3.43	10.17
7152	3.44	10.17
7157	3.43	10.17
7162	3.38	10.17
7167	3.35	10.17
7172	3.35	10.17
7178	3.37	10.17
7183	3.46	10.17
7188	3.30	10.17
7193	3.42	10.17
7198	3.53	10.17
7203	3.48	10.17
7208	3.33	10.17
7213	3.29	10.17
7218	3.25	10.17
7224	3.35	10.17
7229	3.32	10.17
7234	3.26	10.17
7239	3.39	10.17
7244	3.49	10.17
7249	3.23	10.17
7254	3.28	10.17
7259	3.36	10.17
7264	3.44	10.17
7270	3.27	10.17
7275	3.37	10.17
7280	3.36	10.17
7285	3.34	10.17
7290	3.26	10.17
7295	3.38	10.17
7300	3.46	10.17
7305	3.32	10.17
7310	3.28	10.17
7316	3.38	10.17
7321	3.36	10.17
7326	3.34	10.17
7331	3.32	10.17
7336	3.29	10.17
7341	3.26	10.17
7346	3.33	10.17
7351	3.27	10.17
7356	3.27	10.17
7362	3.35	10.17
7367	3.45	10.17
7372	3.28	10.17
7377	3.38	10.17
7382	3.51	10.17
7387	3.36	10.17
7392	3.33	10.17
7397	3.46	10.17
7402	3.47	10.17
7408	3.45	10.17
7413	3.42	10.17
7418	3.51	10.17
7423	3.48	10.17
7428	3.41	10.17
7433	3.40	10.17
7438	3.52	10.17
7443	3.37	10.17
7448	3.33	10.17
7454	3.29	10.17
7459	3.41	10.17
7464	3.39	10.17
7469	3.33	10.17
7474	3.39	10.17
7479	3.42	10.17
7484	3.42	10.17
7489	3.25	10.17
7494	3.39	10.17
7500	3.40	10.17
7505	3.23	10.17
7510	3.27	10.17
7515	3.37	10.17
7520	3.38	10.17
7525	3.25	10.17
7530	3.30	10.17
7535	3.43	10.17
7540	3.29	10.17
7546	3.36	10.16
7551	3.28	10.16
7556	3.35	10.16
7561	3.31	10.16
7566	3.43	10.16
7571	3.44	10.16
7576	3.40	10.16
7581	3.36	10.16
7586	3.47	10.16
7592	3.48	10.16
7597	3.46	10.16
7602	3.40	10.16
7607	3.52	10.16
7612	3.52	10.16
7617	3.41	10.16
7622	3.54	10.16
7627	3.51	10.16
7632	3.33	10.16
7638	3.29	10.16
7643	3.31	10.16
7648	3.41	10.16
7653	3.27	10.16
7658	3.39	10.16
7663	3.37	10.16
7668	3.34	10.16
7673	3.30	10.16
7678	3.42	10.16
7684	3.53	10.16
7689	3.24	10.16
7694	3.33	10.16
7699	3.47	10.16
7704	3.35	10.16
7709	3.32	10.16
7714	3.47	10.16
7719	3.35	10.16
7724	3.28	10.16
7730	3.41	10.16
7735	3.44	10.16
7740	3.27	10.16
7745	3.35	10.16
7750	3.46	10.16
7755	3.46	10.16
7760	3.32	10.16
7765	3.42	10.16
7770	3.51	10.16
7776	3.37	10.16
7781	3.46	10.16
7786	3.34	10.16
7791	3.34	10.16
7796	3.32	10.16
7801	3.42	10.16
7806	3.41	10.16
7811	3.25	10.16
7816	3.33	10.16
7821	3.46	10.16
7827	3.31	10.16
7832	3.43	10.16
7837	3.44	10.16
7842	3.38	10.16
7847	3.34	10.16
7852	3.32	10.16
7857	3.30	10.16
7862	3.40	10.16
7867	3.23	10.16
7873	3.29	10.16
7878	3.42	10.16
7883	3.27	10.16
7888	3.36	10.16
7893	3.37	10.16
7898	3.37	10.16
7903	3.32	10.16
7908	3.44	10.16
7914	3.43	10.16
7919	3.40	10.16
7924	3.35	10.16
7929	3.47	10.16
7934	3.47	10.16
7939	3.22	10.16
7944	3.34	10.16
7949	3.46	10.16
7954	3.31	10.16
7960	3.24	10.16
7965	3.34	10.16
7970	3.29	10.16
7975	3.25	10.16
7980	3.36	10.16
7985	3.38	10.16
7990	3.23	10.16
7995	3.33	10.16
8000	3.43	10.16
8006	3.29	10.16
8011	3.26	10.16
8016	3.37	10.16
8021	3.34	10.16
8026	3.28	10.16
8031	3.40	10.16
8036	3.29	10.16
8041	3.39	10.16
8046	3.37	10.16
8052	3.34	10.16
8057	3.32	10.16
8062	3.45	10.16
8067	3.32	10.16
8072	3.42	10.16
8077	3.43	10.16
8082	3.43	10.16
8087	3.37	10.16
8092	3.46	10.16
8098	3.32	10.16
8103	3.25	10.16
8108	3.35	10.16
8113	3.30	10.15
8118	3.26	10.15
8123	3.40	10.15
8128	3.39	10.15
8133	3.35	10.15
8138	3.41	10.15
8144	3.42	10.15
8149	3.44	10.15
8154	3.31	10.15
8159	3.37	10.15
8164	3.48	10.15
8169	3.38	10.15
8174	3.25	10.15
8179	3.34	10.15
8184	3.45	10.15
8190	3.55	10.15
8195	3.39	10.15
8200	3.35	10.15
8205	3.36	10.15
8210	3.33	10.15
8215	3.30	10.15
8220	3.37	10.15
8225	3.34	10.15
8230	3.18	10.15
8235	3.27	10.15
8241	3.24	10.14
8246	3.33	10.14
8251	3.34	10.14
8256	3.42	10.14
8261	3.29	10.14
8266	3.28	10.14
8271	3.26	10.14
8276	3.27	10.14
8281	3.22	10.14
8287	3.29	10.14
8292	3.27	10.14
8297	3.36	10.14
8302	3.35	10.14
8307	3.29	10.14
8312	3.35	10.14
8317	3.31	10.14
8322	3.42	10.14
8327	3.40	10.14
8333	3.30	10.14
8338	3.27	10.14
8343	3.29	10.14
8348	3.29	10.14
8353	3.25	10.14
8358	3.37	10.14
8363	3.36	10.14
8368	3.33	10.14
8373	3.29	10.14
8379	3.40	10.14
8384	3.41	10.14
8389	3.41	10.14
8394	3.34	10.14
8399	3.42	10.14
8404	3.51	10.14
8409	3.47	10.14
8414	3.44	10.14
8419	3.46	10.14
8425	3.46	10.14
8430	3.30	10.14
8435	3.29	10.14
8440	3.38	10.14
8445	3.37	10.14
8450	3.19	10.14
8455	3.33	10.14
8460	3.33	10.14
8465	3.31	10.14
8471	3.40	10.14
8476	3.37	10.14
8481	3.51	10.14
8486	3.29	10.14
8491	3.27	10.14
8496	3.39	10.14
8501	3.39	10.14
8506	3.36	10.14
8511	3.31	10.14
8516	3.42	10.14
8522	3.56	10.14
8527	3.43	10.14
8532	3.36	10.14
8537	3.34	10.14
8542	3.32	10.14
8547	3.32	10.14
8552	3.43	10.14
8557	3.46	10.14
8562	3.32	10.14
8568	3.28	10.14
8573	3.41	10.14
8578	3.39	10.14
8583	3.27	10.14
8588	3.34	10.14
8593	3.44	10.14
8598	3.31	10.14
8603	3.41	10.14
8608	3.38	10.14
8613	3.38	10.14
8619	3.21	10.14
8624	3.27	10.14
8629	3.38	10.14
8634	3.39	10.14
8639	3.38	10.14
8644	3.36	10.14
8649	3.48	10.14
8654	3.35	10.14
8659	3.36	10.14
8665	3.44	10.14
8670	3.42	10.14
8675	3.44	10.14
8680	3.40	10.14
8685	3.38	10.14
8690	3.38	10.14
8695	3.51	10.14
8700	3.49	10.14
8705	3.24	10.14
8711	3.36	10.14
8716	3.47	10.14
8721	3.22	10.14
8726	3.29	10.14
8731	3.42	10.14
8736	3.42	10.14
8741	3.40	10.14
8746	3.34	10.14
8751	3.45	10.14
8757	3.41	10.14
8762	3.38	10.14
8767	3.25	10.14
8772	3.38	10.14
8777	3.36	10.14
8782	3.31	10.14
8787	3.26	10.14
8792	3.35	10.14
8797	3.33	10.14
8803	3.37	10.14
8808	3.50	10.14
8813	3.34	10.14
8818	3.22	10.14
8823	3.30	10.14
8828	3.25	10.14
8833	3.33	10.14
8838	3.30	10.14
8843	3.27	10.14
8849	3.37	10.14
8854	3.36	10.14
8859	3.34	10.14
8864	3.45	10.14
8869	3.47	10.14
8874	3.44	10.14
8879	3.41	10.14
8884	3.51	10.14
8889	3.40	10.14
8895	3.27	10.14
8900	3.33	10.14
8905	3.46	10.14
8910	3.33	10.14
8915	3.18	10.14
8920	3.26	10.14
8925	3.38	10.14
8930	3.36	10.14
8935	3.20	10.14
8941	3.29	10.14
8946	3.39	10.14
8951	3.25	10.14
8956	3.26	10.14
8961	3.34	10.14
8966	3.31	10.14
8971	3.27	10.14
8976	3.39	10.14
8981	3.39	10.14
8987	3.36	10.14
8992	3.31	10.14
8997	3.43	10.14
9002	3.42	10.14
9007	3.44	10.14
9012	3.39	10.14
9017	3.46	10.14
9022	3.40	10.14
9027	3.50	10.14
9032	3.39	10.14
9038	3.39	10.14
9043	3.49	10.14
9048	3.46	10.14
9053	3.45	10.14
9058	3.27	10.14
9063	3.37	10.14
9068	3.39	10.14
9073	3.39	10.14
9078	3.37	10.14
9084	3.47	10.14
9089	3.23	10.14
9094	3.21	10.14
9099	3.34	10.14
9104	3.34	10.14
9109	3.31	10.14
9114	3.26	10.14
9119	3.36	10.14
9124	3.25	10.14
9130	3.24	10.14
9135	3.34	10.14
9140	3.34	10.14
9145	3.34	10.14
9150	3.30	10.14
9155	3.26	10.14
9160	3.37	10.14
9165	3.39	10.14
9170	3.49	10.14
9176	3.34	10.14
9181	3.42	10.14
9186	3.41	10.14
9191	3.41	10.14
9196	3.39	10.14
9201	3.47	10.14
9206	3.45	10.14
9211	3.41	10.14
9216	3.41	10.14
9222	3.53	10.14
9227	3.40	10.14
9232	3.27	10.14
9237	3.38	10.14
9242	3.51	10.14
9247	3.35	10.14
9252	3.29	10.14
9257	3.39	10.14
9262	3.50	10.14
9267	3.59	10.14
9273	3.28	10.14
9278	3.34	10.14
9283	3.46	10.14
9288	3.47	10.14
9293	3.19	10.14
9298	3.28	10.14
9303	3.41	10.14
9308	3.39	10.14
9313	3.19	10.14
9319	3.30	10.14
9324	3.42	10.14
9329	3.28	10.14
9334	3.24	10.14
9339	3.35	10.14
9344	3.47	10.14
9349	3.24	10.14
9354	3.34	10.14
9359	3.46	10.14
9365	3.36	10.14
9370	3.29	10.14
9375	3.39	10.14
9380	3.52	10.14
9385	3.39	10.14
9390	3.22	10.14
9395	3.31	10.14
9400	3.33	10.14
9405	3.44	10.14
9411	3.28	10.14
9416	3.38	10.14
9421	3.36	10.14
9426	3.36	10.14
9431	3.35	10.14
9436	3.34	10.14
9441	3.32	10.14
9446	3.45	10.14
9451	3.33	10.14
9456	3.42	10.14
9462	3.37	10.14
9467	3.34	10.14
9472	3.29	10.14
9477	3.40	10.14
9482	3.39	10.14
9487	3.39	10.14
9492	3.36	10.14
9497	3.36	10.14
9502	3.37	10.14
9508	3.36	10.14
9513	3.35	10.14
9518	3.33	10.14
9523	3.32	10.14
9528	3.31	10.14
9533	3.41	10.14
9538	3.28	10.14
9543	3.34	10.14
9548	3.32	10.14
9553	3.29	10.14
9559	3.27	10.14
9564	3.26	10.14
9569	3.38	10.14
9574	3.48	10.14
9579	3.32	10.14
9584	3.40	10.14
9589	3.38	10.14
9594	3.37	10.14
9599	3.35	10.14
9605	3.48	10.14
9610	3.32	10.14
9615	3.38	10.14
9620	3.50	10.14
9625	3.35	10.14
9630	3.29	10.14
9635	3.44	10.14
9640	3.44	10.14
9645	3.31	10.14
9650	3.39	10.14
9656	3.39	10.14
9661	3.49	10.14
9666	3.45	10.14
9671	3.43	10.14
9676	3.42	10.14
9681	3.54	10.14
9686	3.39	10.14
9691	3.35	10.14
9696	3.32	10.14
9702	3.46	10.14
9707	3.35	10.14
9712	3.32	10.14
9717	3.42	10.14
9722	3.43	10.14
9727	3.31	10.14
9732	3.31	10.14
9737	3.43	10.14
9742	3.27	10.14
9748	3.23	10.14
9753	3.34	10.14
9758	3.31	10.14
9763	3.43	10.14
9768	3.28	10.14
9773	3.26	10.14
9778	3.37	10.14
9783	3.34	10.14
9788	3.37	10.14
9793	3.34	10.14
9799	3.35	10.14
9804	3.48	10.14
9809	3.47	10.14
9814	3.43	10.14
9819	3.29	10.14
9824	3.41	10.14
9829	3.40	10.14
9834	3.40	10.14
9839	3.37	10.14
9845	3.46	10.14
9850	3.43	10.14
9855	3.44	10.14
9860	3.41	10.14
9865	3.40	10.14
9870	3.37	10.14
9875	3.37	10.14
9880	3.37	10.14
9885	3.46	10.14
9891	3.20	10.14
9896	3.30	10.14
9901	3.42	10.14
9906	3.39	10.14
9911	3.22	10.14
9916	3.30	10.14
9921	3.27	10.14
9926	3.24	10.14
9931	3.34	10.14
9936	3.35	10.14
9942	3.32	10.14
9947	3.28	10.14
9952	3.41	10.14
9957	3.38	10.14
9962	3.37	10.14
9967	3.34	10.14
9972	3.32	10.14
9977	3.44	10.14
9982	3.28	10.14
9988	3.35	10.14
9993	3.47	10.14
9998	3.44	10.14
10003	3.39	10.14
10008	3.40	10.14
10013	3.52	10.14
10018	3.27	10.14
10023	3.33	10.14
10028	3.31	10.14
10033	3.27	10.14
10039	3.35	10.14
10044	3.34	10.14
10049	3.34	10.14
10054	3.32	10.14
10059	3.45	10.14
10064	3.43	10.14
10069	3.39	10.14
10074	3.37	10.14
10079	3.34	10.14
10085	3.46	10.14
10090	3.34	10.14
10095	3.32	10.14
10100	3.28	10.14
10105	3.38	10.14
10110	3.37	10.14
10115	3.34	10.14
10120	3.45	10.14
10125	3.42	10.14
10131	3.29	10.14
10136	3.33	10.14
10141	3.43	10.14
10146	3.54	10.14
10151	3.29	10.14
10156	3.24	10.14
10161	3.37	10.14
10166	3.28	10.14
10171	3.26	10.14
10177	3.38	10.14
10182	3.39	10.14
10187	3.23	10.14
10192	3.30	10.14
10197	3.32	10.14
10202	3.28	10.14
10207	3.34	10.14
10212	3.33	10.14
10217	3.44	10.14
10223	3.32	10.14
10228	3.30	10.14
10233	3.26	10.14
10238	3.25	10.14
10243	3.20	10.14
10248	3.30	10.14
10253	3.43	10.14
10258	3.28	10.14
10263	3.24	10.14
10269	3.34	10.14
10274	3.21	10.14
10279	3.26	10.14
10284	3.31	10.14
10289	3.40	10.14
10294	3.25	10.14
10299	3.34	10.14
10304	3.44	10.14
10309	3.60	10.14
10315	3.31	10.14
10320	3.34	10.14
10325	3.31	10.14
10330	3.27	10.14
10335	3.40	10.14
10340	3.28	10.14
10345	3.26	10.14
10350	3.35	10.14
10355	3.34	10.14
10361	3.29	10.14
10366	3.39	10.14
10371	3.38	10.14
10376	3.40	10.14
10381	3.28	10.14
10386	3.37	10.14
10391	3.25	10.14
10396	3.36	10.14
10401	3.33	10.14
10406	3.34	10.14
10412	3.30	10.14
10417	3.42	10.14
10422	3.41	10.14
10427	3.39	10.14
10432	3.36	10.14
10437	3.49	10.14
10442	3.36	10.14
10447	3.20	10.14
10452	3.28	10.14
10458	3.41	10.14
10463	3.26	10.14
10468	3.35	10.14
10473	3.32	10.14
10478	3.43	10.14
10483	3.52	10.14
10488	3.26	10.13
10493	3.33	10.13
10498	3.46	10.13
10503	3.56	10.13
10509	3.18	10.13
10514	3.24	10.13
10519	3.37	10.13
10524	3.27	10.13
10529	3.23	10.13
10534	3.36	10.13
10539	3.38	10.13
10544	3.21	10.13
10549	3.27	10.13
10555	3.38	10.13
10560	3.39	10.13
10565	3.30	10.13
10570	3.27	10.13
10575	3.38	10.13
10580	3.38	10.13
10585	3.36	10.13
10590	3.35	10.13
10595	3.47	10.13
10601	3.22	10.13
10606	3.31	10.13
10611	3.33	10.13
10616	3.31	10.13
10621	3.26	10.13
10626	3.24	10.13
10631	3.36	10.13
10636	3.25	10.13
10641	3.23	10.13
10647	3.34	10.13
10652	3.47	10.13
10657	3.33	10.13
10662	3.32	10.13
10667	3.43	10.13
10672	3.43	10.13
10677	3.40	10.13
10682	3.36	10.13
10687	3.48	10.13
10693	3.24	10.13
10698	3.34	10.13
10703	3.30	10.13
10708	3.36	10.13
10713	3.33	10.13
10718	3.42	10.13
10723	3.39	10.13
10728	3.41	10.13
10733	3.38	10.13
10738	3.50	10.13
10744	3.42	10.13
10749	3.51	10.13
10754	3.24	10.13
10759	3.36	10.13
10764	3.22	10.13
10769	3.32	10.13
10774	3.32	10.13
10779	3.33	10.13
10784	3.20	10.13
10790	3.31	10.13
10795	3.32	10.13
10800	3.28	10.13
10805	3.26	10.13
10810	3.38	10.13
10815	3.26	10.13
10820	3.22	10.13
10825	3.31	10.13
10830	3.31	10.13
10836	3.43	10.13
10841	3.26	10.13
10846	3.37	10.13
10851	3.36	10.13
10856	3.30	10.13
10861	3.41	10.13
10866	3.55	10.13
10871	3.40	10.13
10876	3.37	10.13
10882	3.48	10.13
10887	3.62	10.13
10892	3.63	10.13
10897	3.44	10.13
10902	3.30	10.13
10907	3.29	10.13
10912	3.29	10.13
10917	3.40	10.13
10922	3.38	10.13
10928	3.34	10.13
10933	3.30	10.13
10938	3.38	10.13
10943	3.44	10.13
10948	3.43	10.13
10953	3.32	10.13
10958	3.42	10.13
10963	3.39	10.13
10968	3.28	10.13
10974	3.25	10.13
10979	3.18	10.13
10984	3.27	10.13
10989	3.40	10.13
10994	3.49	10.13
10999	3.33	10.13
11004	3.45	10.13
11009	3.45	10.13
11014	3.20	10.13
11020	3.29	10.13
11025	3.41	10.13
11030	3.27	10.13
11035	3.23	10.13
11040	3.31	10.13
11045	3.30	10.13
11050	3.40	10.13
11055	3.38	10.13
11060	3.35	10.13
11066	3.32	10.13
11071	3.41	10.13
11076	3.40	10.13
11081	3.27	10.13
11086	3.42	10.13
11091	3.50	10.13
11096	3.46	10.13
11101	3.28	10.13
11106	3.38	10.13
11112	3.38	10.13
11117	3.39	10.13
11122	3.34	10.13
11127	3.43	10.13
11132	3.57	10.13
11137	3.43	10.13
11142	3.28	10.13
11147	3.34	10.13
11152	3.45	10.13
11158	3.41	10.13
11163	3.35	10.13
11168	3.32	10.13
11173	3.30	10.13
11178	3.29	10.13
11183	3.39	10.13
11188	3.24	10.13
11193	3.33	10.13
11198	3.45	10.13
11203	3.35	10.13
11209	3.27	10.13
11214	3.34	10.13
11219	3.32	10.13
11224	3.43	10.13
11229	3.40	10.13
11234	3.33	10.13
11239	3.43	10.13
11244	3.28	10.13
11249	3.26	10.13
11255	3.37	10.13
11260	3.35	10.13
11265	3.36	10.13
11270	3.34	10.13
11275	3.41	10.13
11280	3.35	10.13
11285	3.46	10.13
11290	3.58	10.13
11295	3.46	10.13
11301	3.29	10.13
11306	3.39	10.13
11311	3.53	10.13
11316	3.42	10.13
11321	3.37	10.13
11326	3.47	10.13
11331	3.35	10.13
11336	3.35	10.13
11341	3.29	10.13
11347	3.37	10.13
11352	3.32	10.13
11357	3.32	10.13
11362	3.42	10.13
11367	3.41	10.13
11372	3.38	10.13
11377	3.30	10.13
11382	3.23	10.13
11387	3.36	10.13
11392	3.46	10.13
11398	3.35	10.13
11403	3.33	10.13
11408	3.46	10.13
11413	3.32	10.13
11418	3.29	10.13
11423	3.40	10.13
11428	3.37	10.13
11433	3.35	10.13
11438	3.46	10.13
11444	3.34	10.13
11449	3.28	10.13
11454	3.39	10.13
11459	3.24	10.13
11464	3.30	10.13
11469	3.45	10.13
11474	3.48	10.13
11479	3.30	10.13
11484	3.40	10.13
11490	3.52	10.13
11495	3.53	10.13
11500	3.34	10.13
11505	3.30	10.13
11510	3.42	10.13
11515	3.52	10.13
11520	3.37	10.13
11525	3.33	10.13
11530	3.41	10.13
11536	3.40	10.13
11541	3.34	10.13
11546	3.40	10.13
11551	3.38	10.13
11556	3.23	10.13
11561	3.32	10.13
11566	3.45	10.13
11571	3.53	10.13
11576	3.25	10.13
11581	3.35	10.13
11587	3.50	10.13
11592	3.37	10.13
11597	3.33	10.13
11602	3.45	10.13
11607	3.42	10.13
11612	3.40	10.13
11617	3.25	10.13
11622	3.26	10.13
11627	3.22	10.13
11633	3.30	10.13
11638	3.36	10.13
11643	3.23	10.13
11648	3.33	10.13
11653	3.30	10.13
11658	3.41	10.13
11663	3.22	10.13
11668	3.30	10.13
11673	3.41	10.13
11679	3.38	10.13
11684	3.24	10.13
11689	3.34	10.13
11694	3.45	10.13
11699	3.43	10.13
11704	3.25	10.13
11709	3.34	10.13
11714	3.34	10.13
11719	3.45	10.13
11725	3.29	10.13
11730	3.36	10.13
11735	3.32	10.13
11740	3.28	10.13
11745	3.34	10.13
11750	3.33	10.13
11755	3.31	10.13
11760	3.27	10.13
11765	3.41	10.13
11771	3.41	10.13
11776	3.26	10.13
11781	3.37	10.13
11786	3.49	10.13
11791	3.50	10.13
11796	3.33	10.13
11801	3.42	10.13
11806	3.54	10.13
11811	3.51	10.13
11817	3.25	10.13
11822	3.36	10.13
11827	3.47	10.13
11832	3.44	10.13
11837	3.27	10.13
11842	3.39	10.13
11847	3.50	10.13
11852	3.48	10.13
11857	3.28	10.13
11863	3.35	10.13
11868	3.34	10.13
11873	3.45	10.13
11878	3.32	10.13
11883	3.41	10.13
11888	3.38	10.13
11893	3.37	10.13
11898	3.25	10.13
11903	3.19	10.13
11908	3.28	10.13
11914	3.39	10.13
11919	3.39	10.13
11924	3.21	10.13
11929	3.30	10.13
11934	3.38	10.13
11939	3.23	10.13
11944	3.36	10.13
11949	3.34	10.13
11954	3.21	10.13
11960	3.29	10.13
11965	3.40	10.13
11970	3.30	10.13
11975	3.28	10.13
11980	3.38	10.13
11985	3.37	10.13
11990	5.14	10.13
11995	5.11	10.13
12000	5.10	10.13
12006	5.20	10.13
12011	5.03	10.13
12016	5.13	10.13
12021	5.19	10.13
12026	5.02	10.13
12031	5.09	10.13
12036	5.17	10.13
12041	5.13	10.13
12046	5.10	10.13
12052	5.19	10.13
12057	5.02	10.13
12062	5.13	10.13
12067	5.12	10.13
12072	5.02	10.13
12077	5.11	10.13
12082	5.09	10.13
12087	5.02	10.13
12092	5.09	10.13
12098	5.08	10.13
12103	5.05	10.13
12108	5.14	10.13
12113	5.11	10.13
12118	5.06	10.13
12123	5.17	10.13
12128	5.12	10.13
12133	5.04	10.13
12138	5.14	10.13
12144	5.02	10.13
12149	5.07	10.13
12154	5.07	10.13
12159	5.02	10.13
12164	5.08	10.13
12169	5.17	10.13
12174	5.02	10.13
12179	5.09	10.13
12184	5.20	10.13
12190	5.02	10.13
12195	5.05	10.13
12200	5.13	10.13
12205	5.11	10.13
12210	5.06	10.13
12215	5.14	10.13
12220	5.13	10.13
12225	5.05	10.13
12230	5.14	10.13
12235	5.12	10.13
12241	3.12	10.13
12246	3.24	10.13
12251	2.90	10.08
12256	2.29	10.08
12261	1.64	10.01
12266	2.85	10.01
12271	3.11	10.01
12276	3.43	10.01
12281	3.03	10.00
12287	3.23	10.00
12292	3.68	10.00
12297	3.63	10.00
12302	3.67	10.00
12307	3.43	9.99
12312	3.44	9.99
12317	3.48	9.99
12323	3.48	9.99
12328	3.48	9.99
12333	3.48	9.99
12338	3.49	9.99
12343	3.49	9.99
12348	3.49	9.99
12353	3.50	9.99
12358	3.50	9.99
12363	3.50	9.99
12369	3.50	9.99
12374	3.50	9.99
12379	3.51	9.99
12384	3.51	9.99
12389	3.51	9.99
12394	3.52	9.99
12399	3.52	9.99
12404	3.53	9.99
12409	3.53	9.99
12414	3.53	9.99
12420	3.54	9.99
12425	3.54	9.99
12430	3.54	9.99
12435	3.55	9.99
12440	3.55	9.99
12445	3.47	9.99
12450	3.47	9.99
12455	3.47	9.99
12461	3.34	9.99
12466	3.34	9.99
12471	3.34	9.99
12476	3.34	9.99
12481	3.34	9.99
12486	3.30	9.99
12491	3.30	9.99
12496	3.30	9.99
12501	3.30	9.99
12507	3.30	9.99
12512	3.23	9.99
12517	3.24	9.99
12522	3.26	9.99
12527	2.93	9.99
12532	2.92	9.99
12537	2.84	9.99
12542	2.84	9.99
12547	2.85	9.99
12553	2.85	9.99
12558	2.47	9.99
12563	2.37	9.99
12568	2.38	9.99
12574	2.39	9.99
12579	2.40	9.99
12584	2.42	9.99
12589	2.34	9.99
12594	2.29	9.99
12599	2.29	9.99
12605	2.29	9.99
12610	2.29	9.99
12615	2.29	9.99
12620	2.29	9.99
12625	2.29	9.99
12630	2.29	9.99
12635	2.29	9.99
12640	2.29	9.99
12645	2.29	9.99
12650	2.29	9.99
12656	2.29	9.99
12661	2.02	9.99
12666	2.02	9.99
12672	2.04	9.99
12677	2.00	9.99
12682	2.01	9.99
12687	1.95	9.99
12692	1.79	9.99
12697	1.79	9.99
12702	1.79	9.99
12707	1.79	9.99
12712	1.79	9.99
12718	1.79	9.99
12723	1.79	9.99
12728	1.80	9.99
12733	1.80	9.99
12739	1.71	9.99
12744	1.30	9.99
12749	1.16	9.99
12754	1.16	9.99
12759	1.16	9.99
12764	1.16	9.99
12769	1.16	9.99
12774	1.16	9.99
12780	1.16	9.99
12785	1.16	9.99
12790	1.16	9.99
12795	1.16	9.99
12800	1.16	9.99
12805	1.16	9.99
12810	1.16	9.99
12815	1.16	9.99
12820	1.16	9.99
12826	1.16	9.99
12831	1.16	9.99
12836	1.16	9.99
12841	1.16	9.99
12847	1.16	9.99
12852	1.16	9.99
12858	1.16	9.99
12863	1.16	9.99
12868	1.16	9.99
12873	1.16	9.99
12878	1.16	9.99
12883	1.16	9.99
12888	1.16	9.99
12893	1.16	9.99
12899	1.16	9.99
12904	1.16	9.99
12909	1.16	9.99
12914	1.16	9.99
12919	1.16	9.99
12924	1.16	9.99
12929	1.16	9.99
12935	1.16	9.99
12940	1.16	9.99
12945	1.16	9.99
12950	1.16	9.99
12955	1.16	9.99
12960	1.16	9.99
12965	1.16	9.99
12970	1.16	9.99
12975	1.16	9.99
12980	1.16	9.99
12986	1.16	9.99
12991	1.16	9.99
12996	1.16	9.99
13001	1.16	9.99
13006	1.16	9.99
13011	1.16	9.99
13016	1.16	9.99
13021	1.16	9.99
13026	1.16	9.99
13032	1.16	9.99
13037	1.16	9.99
13042	1.16	9.99
13047	1.16	9.99
13052	1.16	9.99
13057	1.16	9.99
13062	1.16	9.99
13067	1.16	9.99
13072	1.16	9.99
13078	0.88	9.99
13083	0.83	9.99
13088	0.84	9.99
13093	0.84	9.99
13098	0.84	9.99
13103	0.84	9.99
13108	0.84	9.99
13113	0.84	9.99
13118	0.84	9.99
13123	0.84	9.99
13129	0.84	9.99
13134	0.84	9.99
13139	0.84	9.99
13144	0.84	9.99
13149	0.84	9.99
13154	0.84	9.99
13159	0.84	9.99
13164	0.84	9.99
13169	0.84	9.99
13175	0.84	9.99
13180	0.84	9.99
13185	0.84	9.99
13190	0.84	9.99
13195	0.84	9.99
13200	0.84	9.99
13205	0.84	9.99
13210	0.84	9.99
13215	0.84	9.99
13221	0.84	9.99
13226	0.84	9.99
13231	0.84	9.99
13236	0.84	9.99
13241	0.84	9.99
13246	0.84	9.98
13251	0.84	9.98
13256	0.84	9.98
13261	0.84	9.98
13266	0.84	9.98
13272	0.84	9.98
13277	0.84	9.98
13282	0.84	9.98
13287	0.84	9.98
13292	0.84	9.98
13297	0.84	9.98
13302	0.84	9.98
13307	0.84	9.98
13313	0.84	9.98
13318	0.80	9.98
13323	0.80	9.98
13328	0.80	9.98
13334	0.80	9.98
13339	0.80	9.98
13344	0.80	9.98
13349	0.80	9.98
13354	0.80	9.98
13359	0.80	9.98
13364	0.80	9.98
13369	0.80	9.98
13374	0.80	9.98
13380	0.80	9.98
13385	0.80	9.98
13390	0.80	9.98
13395	0.80	9.98
13400	0.80	9.98
13405	0.80	9.98
13410	0.81	9.98
13415	0.81	9.97
13420	0.81	9.97
13426	0.81	9.97
13431	0.81	9.97
13436	0.82	9.97
13441	0.82	9.97
13446	0.84	9.97
13451	0.86	9.97
13456	0.87	9.97
13461	0.91	9.97
13466	0.80	9.97
13472	0.80	9.97
13477	0.80	9.97
13482	0.81	9.97
13487	0.81	9.97
13492	0.81	9.97
13497	0.81	9.97
13502	0.81	9.97
13507	0.81	9.97
13513	0.80	9.97
13518	0.80	9.97
13523	0.80	9.97
13528	0.80	9.97
13533	0.80	9.97
13538	0.80	9.97
13543	0.80	9.97
13548	0.80	9.97
13553	0.80	9.97
13559	0.80	9.97
13564	0.80	9.97
13569	0.80	9.97
13574	0.80	9.97
13579	0.81	9.97
13584	0.81	9.97
13589	0.81	9.97
13594	0.81	9.97
13599	0.81	9.97
13605	0.81	9.97
13610	0.81	9.97
13615	0.81	9.97
13620	0.81	9.97
13625	0.83	9.97
13630	0.87	9.97
13635	0.91	9.97
13640	0.81	9.97
13646	0.81	9.97
13651	0.81	9.97
13656	0.81	9.97
13661	0.81	9.97
13666	0.81	9.97
13671	0.81	9.97
13676	0.81	9.97
13681	0.81	9.97
13686	0.81	9.97
13691	0.81	9.97
13697	0.81	9.97
13702	0.81	9.97
13707	0.81	9.97
13712	0.81	9.97
13717	0.81	9.97
13722	0.81	9.97
13727	0.81	9.97
13732	0.81	9.97
13737	0.81	9.97
13743	0.81	9.97
13748	0.81	9.97
13753	0.81	9.97
13758	0.81	9.97
13763	0.81	9.97
13768	0.81	9.97
13773	0.81	9.97
13778	0.81	9.96
13783	0.98	9.96
13789	1.44	9.96
13794	1.76	9.96
13799	3.02	9.96
13804	3.22	9.96
13809	5.15	9.96
